{
  "components": {
    "comp-evaluate-model": {
      "executorLabel": "exec-evaluate-model",
      "inputDefinitions": {
        "artifacts": {
          "input_dataset": {
            "artifactType": {
              "schemaTitle": "system.Dataset",
              "schemaVersion": "0.0.1"
            }
          },
          "model_input": {
            "artifactType": {
              "schemaTitle": "system.Model",
              "schemaVersion": "0.0.1"
            }
          }
        }
      },
      "outputDefinitions": {
        "artifacts": {
          "metrics": {
            "artifactType": {
              "schemaTitle": "system.Metrics",
              "schemaVersion": "0.0.1"
            }
          }
        },
        "parameters": {
          "accuracy": {
            "parameterType": "NUMBER_DOUBLE"
          }
        }
      }
    },
    "comp-load-data": {
      "executorLabel": "exec-load-data",
      "outputDefinitions": {
        "artifacts": {
          "output_dataset": {
            "artifactType": {
              "schemaTitle": "system.Dataset",
              "schemaVersion": "0.0.1"
            }
          }
        }
      }
    },
    "comp-preprocess-data": {
      "executorLabel": "exec-preprocess-data",
      "inputDefinitions": {
        "artifacts": {
          "input_dataset": {
            "artifactType": {
              "schemaTitle": "system.Dataset",
              "schemaVersion": "0.0.1"
            }
          }
        }
      },
      "outputDefinitions": {
        "artifacts": {
          "output_dataset": {
            "artifactType": {
              "schemaTitle": "system.Dataset",
              "schemaVersion": "0.0.1"
            }
          }
        }
      }
    },
    "comp-train-model": {
      "executorLabel": "exec-train-model",
      "inputDefinitions": {
        "artifacts": {
          "input_dataset": {
            "artifactType": {
              "schemaTitle": "system.Dataset",
              "schemaVersion": "0.0.1"
            }
          }
        }
      },
      "outputDefinitions": {
        "artifacts": {
          "output_model": {
            "artifactType": {
              "schemaTitle": "system.Model",
              "schemaVersion": "0.0.1"
            }
          }
        }
      }
    }
  },
  "deploymentSpec": {
    "executors": {
      "exec-evaluate-model": {
        "container": {
          "args": [
            "--executor_input",
            "{{$}}",
            "--function_to_execute",
            "evaluate_model"
          ],
          "command": [
            "sh",
            "-c",
            "\nif ! [ -x \"$(command -v pip)\" ]; then\n    python3 -m ensurepip || python3 -m ensurepip --user || apt-get install python3-pip\nfi\n\nPIP_DISABLE_PIP_VERSION_CHECK=1 python3 -m pip install --quiet --no-warn-script-location 'pandas' 'scikit-learn' 'joblib'  &&  python3 -m pip install --quiet --no-warn-script-location 'kfp==2.15.2' '--no-deps' 'typing-extensions>=3.7.4,<5; python_version<\"3.9\"' && \"$0\" \"$@\"\n",
            "sh",
            "-ec",
            "program_path=$(mktemp -d)\n\nprintf \"%s\" \"$0\" > \"$program_path/ephemeral_component.py\"\n_KFP_RUNTIME=true python3 -m kfp.dsl.executor_main                         --component_module_path                         \"$program_path/ephemeral_component.py\"                         \"$@\"\n",
            "\nimport kfp\nfrom kfp import dsl\nfrom kfp.dsl import *\nfrom typing import *\n\ndef evaluate_model(\n    input_dataset: Input[Dataset], \n    model_input: Input[Model],\n    metrics: Output[Metrics]\n) -> NamedTuple(\"EvaluationOutput\", [(\"accuracy\", float)]):\n    import pandas as pd\n    import joblib\n    from sklearn.metrics import accuracy_score\n\n    df = pd.read_csv(input_dataset.path)\n    model = joblib.load(model_input.path)\n\n    X = df.drop(columns=[\"target\"])\n    y = df[\"target\"]\n\n    preds = model.predict(X)\n    acc = accuracy_score(y, preds)\n\n    print(f\"Accuracy: {acc}\")\n\n    metrics.log_metric(\"accuracy\", acc)\n\n    return (acc,)\n\n"
          ],
          "image": "python:3.9"
        }
      },
      "exec-load-data": {
        "container": {
          "args": [
            "--executor_input",
            "{{$}}",
            "--function_to_execute",
            "load_data"
          ],
          "command": [
            "sh",
            "-c",
            "\nif ! [ -x \"$(command -v pip)\" ]; then\n    python3 -m ensurepip || python3 -m ensurepip --user || apt-get install python3-pip\nfi\n\nPIP_DISABLE_PIP_VERSION_CHECK=1 python3 -m pip install --quiet --no-warn-script-location 'pandas' 'scikit-learn'  &&  python3 -m pip install --quiet --no-warn-script-location 'kfp==2.15.2' '--no-deps' 'typing-extensions>=3.7.4,<5; python_version<\"3.9\"' && \"$0\" \"$@\"\n",
            "sh",
            "-ec",
            "program_path=$(mktemp -d)\n\nprintf \"%s\" \"$0\" > \"$program_path/ephemeral_component.py\"\n_KFP_RUNTIME=true python3 -m kfp.dsl.executor_main                         --component_module_path                         \"$program_path/ephemeral_component.py\"                         \"$@\"\n",
            "\nimport kfp\nfrom kfp import dsl\nfrom kfp.dsl import *\nfrom typing import *\n\ndef load_data(output_dataset: Output[Dataset]):\n    import pandas as pd\n    from sklearn.datasets import load_iris\n\n    df = load_iris(as_frame=True).frame\n\n    df.to_csv(output_dataset.path, index=False)\n\n"
          ],
          "image": "python:3.9"
        }
      },
      "exec-preprocess-data": {
        "container": {
          "args": [
            "--executor_input",
            "{{$}}",
            "--function_to_execute",
            "preprocess_data"
          ],
          "command": [
            "sh",
            "-c",
            "\nif ! [ -x \"$(command -v pip)\" ]; then\n    python3 -m ensurepip || python3 -m ensurepip --user || apt-get install python3-pip\nfi\n\nPIP_DISABLE_PIP_VERSION_CHECK=1 python3 -m pip install --quiet --no-warn-script-location 'pandas' 'scikit-learn'  &&  python3 -m pip install --quiet --no-warn-script-location 'kfp==2.15.2' '--no-deps' 'typing-extensions>=3.7.4,<5; python_version<\"3.9\"' && \"$0\" \"$@\"\n",
            "sh",
            "-ec",
            "program_path=$(mktemp -d)\n\nprintf \"%s\" \"$0\" > \"$program_path/ephemeral_component.py\"\n_KFP_RUNTIME=true python3 -m kfp.dsl.executor_main                         --component_module_path                         \"$program_path/ephemeral_component.py\"                         \"$@\"\n",
            "\nimport kfp\nfrom kfp import dsl\nfrom kfp.dsl import *\nfrom typing import *\n\ndef preprocess_data(\n    input_dataset: Input[Dataset], \n    output_dataset: Output[Dataset]\n):\n    import pandas as pd\n    from sklearn.preprocessing import StandardScaler\n\n    df = pd.read_csv(input_dataset.path)\n\n    features = df.drop(columns=[\"target\"])\n    scaled = StandardScaler().fit_transform(features)\n\n    df_scaled = pd.DataFrame(scaled, columns=features.columns)\n    df_scaled['target'] = df['target']\n\n    df_scaled.to_csv(output_dataset.path, index=False)\n\n"
          ],
          "image": "python:3.9"
        }
      },
      "exec-train-model": {
        "container": {
          "args": [
            "--executor_input",
            "{{$}}",
            "--function_to_execute",
            "train_model"
          ],
          "command": [
            "sh",
            "-c",
            "\nif ! [ -x \"$(command -v pip)\" ]; then\n    python3 -m ensurepip || python3 -m ensurepip --user || apt-get install python3-pip\nfi\n\nPIP_DISABLE_PIP_VERSION_CHECK=1 python3 -m pip install --quiet --no-warn-script-location 'pandas' 'scikit-learn' 'joblib'  &&  python3 -m pip install --quiet --no-warn-script-location 'kfp==2.15.2' '--no-deps' 'typing-extensions>=3.7.4,<5; python_version<\"3.9\"' && \"$0\" \"$@\"\n",
            "sh",
            "-ec",
            "program_path=$(mktemp -d)\n\nprintf \"%s\" \"$0\" > \"$program_path/ephemeral_component.py\"\n_KFP_RUNTIME=true python3 -m kfp.dsl.executor_main                         --component_module_path                         \"$program_path/ephemeral_component.py\"                         \"$@\"\n",
            "\nimport kfp\nfrom kfp import dsl\nfrom kfp.dsl import *\nfrom typing import *\n\ndef train_model(\n    input_dataset: Input[Dataset], \n    output_model: Output[Model]\n):\n    import pandas as pd\n    from sklearn.linear_model import LogisticRegression\n    import joblib\n\n    df = pd.read_csv(input_dataset.path)\n    X = df.drop(columns=[\"target\"])\n    y = df[\"target\"]\n\n    model = LogisticRegression()\n    model.fit(X, y)\n\n    joblib.dump(model, output_model.path)\n\n"
          ],
          "image": "python:3.9"
        }
      }
    }
  },
  "pipelineInfo": {
    "description": "A modular pipeline example.",
    "name": "modular-iris-pipeline"
  },
  "root": {
    "dag": {
      "tasks": {
        "evaluate-model": {
          "cachingOptions": {
            "enableCache": true
          },
          "componentRef": {
            "name": "comp-evaluate-model"
          },
          "dependentTasks": [
            "preprocess-data",
            "train-model"
          ],
          "inputs": {
            "artifacts": {
              "input_dataset": {
                "taskOutputArtifact": {
                  "outputArtifactKey": "output_dataset",
                  "producerTask": "preprocess-data"
                }
              },
              "model_input": {
                "taskOutputArtifact": {
                  "outputArtifactKey": "output_model",
                  "producerTask": "train-model"
                }
              }
            }
          },
          "taskInfo": {
            "name": "evaluate-model"
          }
        },
        "load-data": {
          "cachingOptions": {
            "enableCache": true
          },
          "componentRef": {
            "name": "comp-load-data"
          },
          "taskInfo": {
            "name": "load-data"
          }
        },
        "preprocess-data": {
          "cachingOptions": {
            "enableCache": true
          },
          "componentRef": {
            "name": "comp-preprocess-data"
          },
          "dependentTasks": [
            "load-data"
          ],
          "inputs": {
            "artifacts": {
              "input_dataset": {
                "taskOutputArtifact": {
                  "outputArtifactKey": "output_dataset",
                  "producerTask": "load-data"
                }
              }
            }
          },
          "taskInfo": {
            "name": "preprocess-data"
          }
        },
        "train-model": {
          "cachingOptions": {
            "enableCache": true
          },
          "componentRef": {
            "name": "comp-train-model"
          },
          "dependentTasks": [
            "preprocess-data"
          ],
          "inputs": {
            "artifacts": {
              "input_dataset": {
                "taskOutputArtifact": {
                  "outputArtifactKey": "output_dataset",
                  "producerTask": "preprocess-data"
                }
              }
            }
          },
          "taskInfo": {
            "name": "train-model"
          }
        }
      }
    }
  },
  "schemaVersion": "2.1.0",
  "sdkVersion": "kfp-2.15.2"
}